id,predmort,predmm,preddeep,pred14d,predstro,predvent,predrenf,predreop,pred6d
1,0.00698,0.05765,0.00317,0.02174,0.00269,0.03349,0.01563,0.01304,0.65328
2,0.10089,0.48756,0.0028,0.25896,0.01259,0.30205,0.21811,0.04919,0.06589
3,0.01906,0.14991,0.00416,0.04517,0.00802,0.0852,0.02145,0.03302,0.38684
